nama produk,harga,terjual,rating produk,nama toko,lokasi toko
Bolde Super Mop Double Side,Rp199.000,Terjual 542,4.8,BOLDe Official Store,Tangerang
BOLDe Super Hoover Cyclone Black ( Vacuum Cleaner ),Rp429.000,Terjual 849,4.8,BOLDe Official Store,Tangerang
BOLDe Super PAN - Sauce PAN 18 cm + glass lid,Rp209.000,Terjual 678,4.8,BOLDe Official Store,Tangerang
BOLDe Super Pan Set Beige,Rp479.000,"Terjual 1,2 rb",4.9,BOLDe Official Store,Tangerang
BOLDe Super MOP Macan Original ( Pengering Bisa di Angkat),Rp185.000,"Terjual 1,0 rb",4.9,MAC Housewares,Jakarta Barat
Spray MOP Ultima Original BOLDe ( Stainless),Rp99.000,Grosir,4.9,MAC Housewares,Jakarta Barat
Promo hari ini Saja : Super MOP X Maxima dengan Roda Original BOLDe,Rp135.000,"Terjual 2,5 rb",4.8,MAC Housewares,Jakarta Barat
Spray MOP Original BOLDe,Rp135.000,"Terjual 1,8 rb",4.9,MAC Housewares,Jakarta Barat
BOLDE handle set - gagang - tongkat dan kepala SUPER MOP ori,Rp68.500,"Terjual 4,5 rb",4.8,sini grosir,Jakarta Barat
Super MOP M100 Special Edition Original BOLDe,Rp169.000,"Terjual 3,2 rb",4.9,MAC Housewares,Jakarta Barat
